CustomerID,FirstName,MiddleInitial,LastName,CityID,Address
1,STEFANIE,Y,FRYE,79,"97 OAK AVENUE"
2,SANDY,T,KIRBY,96,"52 WHITE FIRST FREEWAY"
3,LEE,T,ZHANG,55,"921 WHITE FABIEN AVENUE"
4,REGINA,S,AVERY,40,"75 OLD AVENUE"
5,DANIEL,S,MCCANN,2,"283 SOUTH GREEN HAGUE AVENUE"
6,DENNIS,H,ZUNIGA,6,"20 WEST OLD ROAD"
7,MYRA,K,JEFFERSON,68,"26 GREEN FIRST PARKWAY"
8,TEDDY,L,PARSONS,44,"38 WEST NOBEL ST."
9,ANNIE,F,STEIN,46,"17 WHITE NOBEL WAY"
10,HERMAN,Y,POPE,72,"695 OLD STREET"
11,JENIFER,R,WINTERS,23,"30 WHITE OAK WAY"
12,STEFANIE,H,GORDON,57,"29 CLARENDON STREET"
13,CHASTITY,N,GILLESPIE,37,"801 EAST WHITE OAK BOULEVARD"
14,EVELYN,R,SWEENEY,53,"73 CLARENDON ROAD"
15,JEANNIE,Z,GARDNER,76,"13 GREEN COWLEY PARKWAY"
16,RICKEY,H,HO,51,"51 FIRST BOULEVARD"
17,BOBBIE,B,SIMON,53,"73 ROCKY FABIEN ST."
18,LESLEY,F,ORR,46,"16 SECOND AVENUE"
19,SHAWNA,Y,HERRING,76,"37 NEW BOULEVARD"
20,THERESA,E,BERG,83,"41 HAGUE ROAD"
21,TASHA,D,HEATH,34,"332 GREEN MILTON BLVD."
22,KARLA,H,SUTTON,80,"384 SOUTH GREEN CLARENDON DRIVE"
23,OTIS,R,MILLER,65,"121 SOUTH OLD STREET"
24,ALISA,N,RUIZ,42,"573 WEST OLD DRIVE"
25,PEGGY,R,SANDOVAL,9,"97 SECOND WAY"
26,LISA,Y,DENNIS,10,"434 NORTH MILTON PARKWAY"
27,VICKY,N,RUSSELL,36,"878 NOBEL ST."
28,NICOLAS,W,REESE,16,"847 GREEN COWLEY DRIVE"
29,MIRANDA,I,ARMSTRONG,63,"605 WHITE OAK WAY"
30,KARA,D,BELTRAN,30,"61 NOBEL DRIVE"
31,ROSEMARY,W,MANNING,64,"651 NEW PARKWAY"
32,ERNEST,C,WRIGHT,49,"389 CLARENDON STREET"
33,LINDSAY,I,SANTANA,87,"47 GREEN NOBEL AVENUE"
34,LORENZO,G,TUCKER,9,"954 WHITE NEW ST."
35,TAMMIE,NULL,GAINES,4,"47 WHITE CLARENDON BOULEVARD"
36,KAREEM,D,GONZALEZ,90,"10 WHITE NEW WAY"
37,CESAR,F,SMITH,34,"358 ROCKY NOBEL AVENUE"
38,CHARLENE,I,HARTMAN,11,"27 WEST ROCKY CLARENDON STREET"
39,SONJA,F,GRIFFITH,3,"354 GREEN FABIEN STREET"
40,GWENDOLYN,B,LOVE,22,"345 FABIEN PARKWAY"
41,STEPHAN,Q,ALEXANDER,56,"85 SOUTH NOBEL AVENUE"
42,MAGGIE,E,CROSS,80,"240 NEW WAY"
43,EARNEST,M,GREER,40,"41 WHITE FABIEN DRIVE"
44,ZACHARY,V,ODOM,70,"394 WEST ROCKY FIRST DRIVE"
45,ERIN,K,WARD,2,"372 SECOND ROAD"
46,RODOLFO,E,GRAY,31,"311 ROCKY NOBEL PARKWAY"
47,CARLA,P,ACOSTA,68,"241 NEW BOULEVARD"
48,NORMA,NULL,GALLEGOS,50,"400 NORTH MILTON BLVD."
49,JEAN,T,LOZANO,52,"77 NEW BLVD."
50,TARA,P,HERNANDEZ,72,"49 NOBEL BLVD."
51,KIRSTEN,D,HAMILTON,84,"79 WHITE CLARENDON BLVD."
52,LISA,O,TODD,51,"430 SOUTH OLD ST."
53,MARIE,O,GAMBLE,51,"43 SOUTH WHITE FIRST ST."
54,DEVIN,F,SANTANA,30,"47 NOBEL STREET"
55,SHAUN,X,SINGH,96,"637 WHITE SECOND STREET"
56,JOSE,N,SUMMERS,95,"510 FIRST ST."
57,TASHA,F,LARSEN,32,"491 ROCKY COWLEY AVENUE"
58,MEREDITH,Q,MEZA,13,"85 WHITE COWLEY BOULEVARD"
59,HEATHER,B,GALLEGOS,31,"286 NORTH SECOND ROAD"
60,SHERRI,G,CARDENAS,88,"689 GREEN FABIEN STREET"
61,THEODORE,A,SANTANA,66,"786 ROCKY MILTON PARKWAY"
62,ELTON,T,SPENCER,52,"27 CLARENDON BOULEVARD"
63,PHILLIP,T,HARVEY,77,"989 WEST GREEN NEW PARKWAY"
64,RAYMOND,N,HURLEY,17,"494 ROCKY FIRST BLVD."
65,ALEJANDRO,D,PRICE,9,"377 MILTON AVENUE"
66,KRISTINA,C,BARRON,71,"79 WHITE FABIEN ROAD"
67,CHANDRA,C,HAMMOND,66,"692 EAST ROCKY NOBEL BLVD."
68,ALLEN,O,HENSLEY,29,"100 GREEN MILTON FREEWAY"
69,MYRON,Y,BEST,50,"27 WHITE FIRST BLVD."
70,LEWIS,G,ROBERTSON,82,"12 WHITE HAGUE ROAD"
71,LAURA,N,HO,18,"324 OAK WAY"
72,WALLACE,U,DICKSON,42,"457 FIRST FREEWAY"
73,JOHNATHAN,Z,PARK,43,"33 NEW ROAD"
74,DIANNA,W,"MC CORMICK",54,"620 GREEN HAGUE ROAD"
75,JAMAL,D,MONTOYA,28,"87 GREEN CLARENDON ST."
76,SHARON,I,MORRISON,51,"231 SOUTH ROCKY HAGUE ROAD"
77,CLIFTON,A,BRADSHAW,41,"21 FIRST AVENUE"
78,SEAN,Q,STEWART,91,"99 HAGUE BOULEVARD"
79,TRENT,L,MURPHY,40,"632 NORTH ROCKY NOBEL DRIVE"
80,VICTOR,H,LANE,75,"14 NORTH WHITE FIRST BLVD."
81,BECKY,J,DAVIS,39,"443 OLD AVENUE"
82,CHASTITY,C,SUMMERS,82,"56 COWLEY STREET"
83,CHARLENE,F,DYER,61,"393 GREEN FABIEN WAY"
84,LANA,X,SPENCER,87,"384 EAST WHITE CLARENDON PARKWAY"
85,SUMMER,T,HURLEY,42,"386 NORTH SECOND AVENUE"
86,ZACHARY,T,"MC KNIGHT",14,"97 NOBEL BLVD."
87,COREY,O,STEWART,95,"31 WEST MILTON BLVD."
88,OLIVIA,Q,COOKE,58,"784 OAK ROAD"
89,MIRIAM,F,SLOAN,9,"71 EAST COWLEY DRIVE"
90,ROSA,U,ELLIOTT,6,"90 SECOND WAY"
91,MARCI,B,HAMPTON,59,"152 WHITE OAK ST."
92,MORGAN,M,FOX,21,"96 GREEN FABIEN AVENUE"
93,GERARD,D,CANTRELL,76,"67 NORTH ROCKY MILTON BOULEVARD"
94,PAUL,C,DODSON,12,"743 GREEN NEW PARKWAY"
95,KARA,E,RICH,53,"427 MILTON FREEWAY"
96,SHANE,H,BRAY,5,"515 WEST GREEN FIRST AVENUE"
97,STANLEY,W,CASTILLO,3,"55 CLARENDON FREEWAY"
98,BRENDAN,R,HERMAN,23,"107 CLARENDON DRIVE"
99,TANIA,I,CHUNG,62,"243 SECOND ST."
100,VICTOR,T,DOYLE,28,"664 WHITE SECOND FREEWAY"
101,ABRAHAM,I,KANE,61,"698 OAK DRIVE"
102,JULIUS,P,MCCALL,39,"766 MILTON BOULEVARD"
103,JANA,Q,HUANG,1,"841 HAGUE ROAD"
104,JACKIE,M,RANDALL,67,"13 HAGUE DRIVE"
105,SUSANA,B,LYNCH,55,"85 EAST GREEN NEW BOULEVARD"
106,ALLEN,I,GRANT,43,"866 SECOND DRIVE"
107,MARISA,P,BENNETT,8,"66 WEST FIRST ST."
108,DUANE,S,SHAFFER,94,"48 NEW PARKWAY"
109,ELISA,C,PAYNE,2,"54 CLARENDON WAY"
110,LAKISHA,O,MILLS,46,"18 NORTH GREEN CLARENDON AVENUE"
111,NAKIA,N,SCHAEFER,55,"915 EAST ROCKY CLARENDON AVENUE"
112,GINGER,O,HESS,37,"26 SOUTH HAGUE DRIVE"
113,LLOYD,E,HOUSE,70,"320 WEST GREEN CLARENDON DRIVE"
114,CLINT,U,GRAVES,53,"37 OLD FREEWAY"
115,TRINA,NULL,OCHOA,50,"25 ROCKY COWLEY FREEWAY"
116,TONIA,X,ROSE,80,"248 SOUTH WHITE HAGUE DRIVE"
117,NEAL,Y,BURNETT,87,"71 NEW DRIVE"
118,BETHANY,O,RIVERA,86,"943 NEW AVENUE"
119,CASEY,W,SMITH,72,"615 GREEN SECOND DRIVE"
120,LINDSAY,T,JORDAN,91,"91 NORTH FIRST ST."
121,REBEKAH,J,HANCOCK,73,"944 EAST OLD ST."
122,MATHEW,N,HAMMOND,8,"396 NOBEL STREET"
123,MITCHELL,L,NIXON,20,"748 CLARENDON DRIVE"
124,JESUS,J,HUMPHREY,44,"729 WEST CLARENDON BLVD."
125,EVERETT,E,YODER,23,"519 NEW DRIVE"
126,PETE,F,MATHEWS,94,"796 SOUTH MILTON WAY"
127,STACY,B,LUTZ,63,"89 CLARENDON PARKWAY"
128,HOWARD,R,TRUJILLO,32,"26 HAGUE BLVD."
129,TED,W,HAHN,1,"123 WEST WHITE OAK STREET"
130,RAY,R,WYATT,24,"33 WHITE NEW ROAD"
131,SHERYL,W,PERRY,48,"143 GREEN HAGUE STREET"
132,JOHN,L,GONZALEZ,18,"13 GREEN HAGUE STREET"
133,KARL,I,DUNN,29,"797 SECOND BOULEVARD"
134,TABITHA,H,KHAN,13,"37 FIRST BLVD."
135,VICKI,S,LARSEN,14,"34 OAK ROAD"
136,PHILLIP,Y,MONTGOMERY,96,"59 GREEN HAGUE WAY"
137,JEANNETTE,T,TAPIA,82,"468 EAST CLARENDON BOULEVARD"
138,GUILLERMO,L,BUTLER,90,"486 GREEN FIRST PARKWAY"
139,CHASITY,T,ODOM,33,"35 NORTH GREEN OAK DRIVE"
140,CHERI,V,VILLARREAL,96,"46 COWLEY BLVD."
141,TONIA,K,BOOKER,7,"288 GREEN COWLEY BOULEVARD"
142,RAY,E,CLAYTON,1,"694 EAST GREEN HAGUE BLVD."
143,GREGORY,W,PUGH,57,"74 OAK ROAD"
144,DIANNA,O,KIRBY,60,"208 WHITE HAGUE ST."
145,CODY,Q,BLAKE,47,"236 NEW STREET"
146,MELANIE,H,WHITNEY,23,"498 COWLEY STREET"
147,TAMIKO,M,DOYLE,48,"71 WEST COWLEY STREET"
148,DARRICK,H,KIRBY,24,"480 OAK DRIVE"
149,MONICA,I,FLEMING,58,"63 EAST GREEN CLARENDON AVENUE"
150,ASHLEY,F,POPE,70,"64 FIRST STREET"
151,BRADY,G,REESE,14,"474 GREEN CLARENDON FREEWAY"
152,MIGUEL,T,WATSON,13,"13 SOUTH GREEN NEW STREET"
153,DANNY,A,HERMAN,48,"501 WEST FIRST WAY"
154,OMAR,Y,WEEKS,68,"75 HAGUE ST."
155,LATOYA,Y,"MC LEAN",52,"60 WEST ROCKY NEW FREEWAY"
156,JOAN,G,CASTRO,53,"490 NORTH WHITE HAGUE ROAD"
157,DEMOND,X,BRANDT,20,"85 OLD WAY"
158,DEMETRIUS,G,RAMIREZ,53,"438 MILTON AVENUE"
159,ABIGAIL,M,MULLEN,45,"628 COWLEY BLVD."
160,NATHAN,G,GLENN,57,"44 ROCKY MILTON STREET"
161,SANDRA,A,ELLIOTT,76,"82 SOUTH MILTON BOULEVARD"
162,ERIKA,R,RANDALL,72,"125 WHITE OLD PARKWAY"
163,ARMANDO,S,WU,93,"186 COWLEY ROAD"
164,DARIUS,A,BRIDGES,75,"586 WEST GREEN FABIEN ST."
165,PRESTON,G,KELLY,95,"745 FIRST ST."
166,ERIK,D,RANGEL,37,"471 WHITE MILTON AVENUE"
167,ANTONIO,F,BENSON,8,"189 SOUTH SECOND AVENUE"
168,KRISTINA,G,KIM,57,"284 ROCKY CLARENDON WAY"
169,CASEY,NULL,GLASS,39,"11 SOUTH GREEN OAK BOULEVARD"
170,ARMANDO,M,LUCAS,50,"332 SECOND BLVD."
171,MARLA,V,WATTS,95,"38 WHITE CLARENDON STREET"
172,BILLIE,D,FISCHER,93,"908 FIRST WAY"
173,JONATHON,N,REYNOLDS,54,"801 EAST ROCKY OAK DRIVE"
174,DIANE,U,QUINN,73,"37 NORTH FABIEN ROAD"
175,EMILY,A,DUNCAN,84,"68 GREEN FIRST ROAD"
176,JONATHON,I,BROOKS,72,"749 WEST FABIEN ST."
177,LAURA,F,GRIMES,48,"91 WHITE HAGUE DRIVE"
178,ROXANNE,R,WADE,56,"42 WHITE CLARENDON DRIVE"
179,GENE,W,MORRISON,94,"35 FIRST WAY"
180,ARNOLD,T,HOUSE,1,"585 ROCKY COWLEY BOULEVARD"
181,ZACHARY,X,MATTHEWS,47,"216 NORTH OLD ST."
182,JACOB,S,WEBSTER,40,"388 OAK STREET"
183,JASON,T,DUNN,70,"481 ROCKY HAGUE STREET"
184,BRIAN,I,NEAL,28,"622 OLD BOULEVARD"
185,HELEN,R,CUNNINGHAM,10,"154 COWLEY BLVD."
186,RALPH,L,LOPEZ,35,"530 COWLEY WAY"
187,HOLLY,C,WONG,67,"625 NOBEL BOULEVARD"
188,STANLEY,K,SHERMAN,58,"92 ROCKY COWLEY DRIVE"
189,LEON,K,COSTA,58,"698 ROCKY OLD FREEWAY"
190,STACI,J,BARBER,57,"726 GREEN FABIEN DRIVE"
191,KIMBERLY,L,BALDWIN,77,"167 SOUTH OAK PARKWAY"
192,CANDICE,B,MAYER,29,"645 WEST OLD PARKWAY"
193,MIKE,N,MUNOZ,46,"96 EAST GREEN NEW DRIVE"
194,DAVID,Y,WATTS,72,"67 ROCKY HAGUE BOULEVARD"
195,ALLAN,N,MOLINA,20,"78 FABIEN BOULEVARD"
196,ANDREA,V,BARKER,32,"856 WHITE SECOND STREET"
197,ALBERT,T,ROSARIO,5,"353 NEW ST."
198,TODD,M,FRANKLIN,79,"169 CLARENDON WAY"
199,MIRANDA,V,MORTON,61,"93 ROCKY NEW FREEWAY"
200,RENE,I,MERCADO,11,"76 EAST GREEN CLARENDON AVENUE"
201,DESIREE,M,FARRELL,15,"454 OAK BLVD."
202,ANDREA,C,DELGADO,87,"70 OLD FREEWAY"
203,ALISA,G,"MC MILLAN",81,"20 GREEN NEW AVENUE"
204,JOSE,V,CAMPBELL,9,"45 FIRST DRIVE"
205,MISTY,M,HOLMES,71,"76 OAK FREEWAY"
206,EDWARD,B,FERRELL,17,"64 MILTON FREEWAY"
207,AMELIA,T,ESPARZA,56,"79 EAST MILTON ROAD"
208,MICAH,Y,MARQUEZ,72,"626 HAGUE FREEWAY"
209,WALLACE,A,FLOWERS,80,"687 SOUTH OAK ST."
210,SONYA,P,STAFFORD,76,"99 NORTH COWLEY ST."
211,KRISTIE,T,MASSEY,6,"13 CLARENDON BLVD."
212,TAMIKA,P,BRADFORD,60,"51 SOUTH GREEN FIRST AVENUE"
213,CARMEN,A,CROSBY,56,"904 NEW FREEWAY"
214,LINDA,M,POWELL,45,"97 OLD STREET"
215,SHERI,P,GOODMAN,11,"39 NORTH HAGUE AVENUE"
216,ANTOINE,N,REILLY,37,"92 NORTH OAK BLVD."
217,TASHA,H,NAVARRO,2,"39 NOBEL BOULEVARD"
218,KERRIE,J,MANN,65,"25 SECOND AVENUE"
219,RACHELLE,A,CHANDLER,65,"919 WEST ROCKY OLD PARKWAY"
220,WARREN,P,TURNER,61,"40 WEST HAGUE STREET"
221,PATRICK,D,BUCHANAN,67,"894 NEW DRIVE"
222,NORMAN,S,MCPHERSON,46,"58 GREEN SECOND ST."
223,BRYANT,U,LANE,96,"24 FABIEN AVENUE"
224,HILARY,X,FITZGERALD,79,"150 NEW AVENUE"
225,MARCO,A,BELTRAN,70,"73 CLARENDON DRIVE"
226,ANDY,U,OCHOA,67,"26 SOUTH ROCKY NEW WAY"
227,KEITH,Q,PIERCE,48,"30 WEST GREEN OLD STREET"
228,JOY,O,MCFARLAND,79,"370 COWLEY AVENUE"
229,JIM,H,ESPARZA,53,"690 EAST WHITE FIRST FREEWAY"
230,ELAINE,E,HAYDEN,53,"26 WHITE FABIEN ST."
231,ANGELO,P,PERKINS,67,"67 WHITE MILTON AVENUE"
232,SANDY,S,MOSS,66,"65 SOUTH ROCKY COWLEY AVENUE"
233,EVAN,V,HUYNH,91,"92 WEST NOBEL DRIVE"
234,MICAH,N,COLLIER,83,"13 SECOND PARKWAY"
235,RAFAEL,G,HERRERA,82,"558 EAST ROCKY COWLEY AVENUE"
236,CHARLENE,V,BAIRD,57,"994 ROCKY COWLEY STREET"
237,GRACE,M,VINCENT,55,"88 SOUTH WHITE SECOND DRIVE"
238,TERA,Y,HENRY,62,"355 ROCKY MILTON WAY"
239,MALCOLM,V,PATEL,54,"45 NORTH FIRST AVENUE"
240,EFRAIN,Q,PERKINS,90,"32 ROCKY OLD BOULEVARD"
241,JAMES,R,TORRES,76,"364 SOUTH NOBEL BLVD."
242,AMELIA,D,DAUGHERTY,91,"227 WEST ROCKY MILTON BOULEVARD"
243,STEPHEN,K,KRUEGER,75,"19 GREEN OLD PARKWAY"
244,RAY,U,LANE,78,"36 CLARENDON ROAD"
245,SAM,P,CROSBY,52,"61 WHITE FIRST STREET"
246,VALERIE,W,MCINTOSH,17,"110 ROCKY FIRST BLVD."
247,JUSTIN,A,BRIGHT,69,"232 CLARENDON AVENUE"
248,ANGELIQUE,A,BURNS,2,"181 WEST COWLEY ST."
249,MARIANNE,J,MCCANN,62,"53 MILTON FREEWAY"
250,ROBIN,Z,KANE,79,"14 CLARENDON DRIVE"
251,CALEB,O,ZAVALA,30,"643 ROCKY SECOND AVENUE"
252,CARLOS,K,COCHRAN,37,"38 CLARENDON DRIVE"
253,RODERICK,M,FRIEDMAN,15,"496 NORTH NOBEL FREEWAY"
254,ANGELA,NULL,NORMAN,1,"806 NORTH FIRST FREEWAY"
255,ANGIE,G,DUNCAN,40,"971 GREEN OLD AVENUE"
256,KERRIE,E,SNOW,65,"380 FABIEN STREET"
257,MARK,U,RICHARDSON,88,"128 GREEN CLARENDON STREET"
258,RANDY,H,WEBSTER,3,"672 WEST OAK PARKWAY"
259,AIMEE,J,RUIZ,36,"810 OLD ST."
260,KIMBERLEY,U,HARRELL,5,"281 GREEN NEW STREET"
261,DAMIAN,S,BOYLE,66,"81 CLARENDON BLVD."
262,PHILLIP,K,SPENCER,74,"805 SOUTH COWLEY ST."
263,KRISTY,F,QUINN,19,"65 SOUTH CLARENDON STREET"
264,VIRGIL,R,SMALL,27,"758 NEW PARKWAY"
265,MONICA,V,TYLER,10,"76 NORTH ROCKY NOBEL WAY"
266,MARCELLA,A,FERNANDEZ,37,"681 WEST HAGUE BLVD."
267,AARON,B,DONOVAN,65,"63 COWLEY BOULEVARD"
268,DALLAS,U,GARRETT,69,"70 ROCKY NOBEL AVENUE"
269,BETHANY,M,MCCANN,59,"700 MILTON ST."
270,APRIL,G,CLARKE,50,"815 FABIEN FREEWAY"
271,STEPHANIE,U,MORENO,78,"515 FABIEN STREET"
272,CONSTANCE,B,MONTGOMERY,36,"18 FIRST FREEWAY"
273,RANDAL,I,RYAN,12,"791 NORTH NOBEL ROAD"
274,GERARD,N,ROSE,71,"894 HAGUE DRIVE"
275,JANICE,NULL,KEY,82,"150 FIRST ROAD"
276,DINA,K,GALLEGOS,72,"28 EAST CLARENDON WAY"
277,CARLOS,X,PARKER,68,"43 COWLEY FREEWAY"
278,ANDREW,Z,SMITH,18,"267 FIRST WAY"
279,BOBBI,H,KIRK,27,"76 WEST OAK PARKWAY"
280,TIMOTHY,A,WEBB,53,"50 OLD ST."
281,HENRY,H,WEISS,94,"10 EAST NOBEL WAY"
282,RONNIE,E,ROBERTS,46,"80 WEST SECOND DRIVE"
283,KRISTA,T,MULLEN,17,"698 NORTH WHITE NOBEL AVENUE"
284,DOUGLAS,Q,NEAL,71,"35 OLD PARKWAY"
285,JEANNIE,E,HAAS,23,"79 CLARENDON ROAD"
286,TERI,I,KEMP,31,"95 MILTON PARKWAY"
287,GWENDOLYN,Q,NICHOLSON,51,"908 FABIEN PARKWAY"
288,SERENA,E,VAUGHN,91,"68 EAST CLARENDON ST."
289,APRIL,G,FLETCHER,43,"211 ROCKY NEW AVENUE"
290,MELINDA,O,HOGAN,17,"751 HAGUE PARKWAY"
291,LANCE,J,FRYE,66,"21 CLARENDON BLVD."
292,ROBYN,M,HAWKINS,53,"191 MILTON DRIVE"
293,LISA,O,THOMAS,27,"97 HAGUE DRIVE"
294,MARLA,C,NICHOLSON,49,"616 ROCKY CLARENDON BOULEVARD"
295,ALISSA,E,BRADY,24,"282 MILTON AVENUE"
296,MELVIN,C,FRYE,2,"751 SOUTH HAGUE AVENUE"
297,REX,F,WILKINS,73,"58 WEST ROCKY HAGUE AVENUE"
298,AARON,M,WEAVER,49,"635 GREEN OLD STREET"
299,RANDI,M,KENT,69,"742 CLARENDON AVENUE"
300,KATHERINE,P,CAMACHO,15,"800 FABIEN PARKWAY"
301,JESSIE,T,"MC KNIGHT",48,"79 WEST COWLEY PARKWAY"
302,JENNA,O,GAINES,96,"597 WHITE FIRST AVENUE"
303,JEANNIE,C,HARPER,40,"384 GREEN COWLEY BOULEVARD"
304,DONNELL,N,SAUNDERS,12,"489 EAST FABIEN PARKWAY"
305,NORMAN,U,BOWERS,2,"22 HAGUE FREEWAY"
306,DAMION,P,STAFFORD,91,"51 WHITE OLD STREET"
307,NICHOLE,Y,TERRY,26,"717 EAST WHITE SECOND WAY"
308,MONIQUE,F,VANCE,40,"441 ROCKY HAGUE FREEWAY"
309,NICOLE,NULL,HARRINGTON,16,"44 CLARENDON AVENUE"
310,GUILLERMO,W,"MC DOWELL",65,"771 WHITE NEW AVENUE"
311,HEATHER,C,KANE,94,"490 SECOND BOULEVARD"
312,LARRY,J,RICHARDSON,70,"118 FIRST BOULEVARD"
313,BRENT,E,GOULD,72,"42 WHITE FIRST BLVD."
314,JUANITA,M,BRIGHT,79,"51 NOBEL BLVD."
315,NICK,G,HAMILTON,7,"67 EAST FABIEN STREET"
316,SHAUN,B,ELLISON,21,"390 NEW ROAD"
317,AUDREY,Q,PARKS,57,"802 SOUTH COWLEY DRIVE"
318,DANIELLE,Z,EDWARDS,45,"41 NORTH MILTON ROAD"
319,AMELIA,U,SLOAN,4,"83 NORTH SECOND ST."
320,LAURA,A,PENNINGTON,76,"396 EAST ROCKY FIRST AVENUE"
321,MOLLY,J,SALAS,82,"660 CLARENDON DRIVE"
322,STACY,E,FLOYD,71,"81 WHITE MILTON BOULEVARD"
323,ALBERT,V,BOOKER,27,"234 WEST OLD DRIVE"
324,MARGARITA,U,WOLF,42,"30 GREEN NEW PARKWAY"
325,JEANNIE,G,DALTON,81,"739 WHITE OLD DRIVE"
326,DANTE,D,CHANEY,26,"675 COWLEY ROAD"
327,MARVIN,T,JACOBS,10,"132 OLD AVENUE"
328,RICK,G,BRENNAN,59,"77 NEW WAY"
329,ALEJANDRO,Y,GILLESPIE,47,"694 HAGUE AVENUE"
330,HANNAH,E,WASHINGTON,80,"62 MILTON STREET"
331,SIDNEY,K,JACKSON,96,"89 SECOND WAY"
332,BETTY,E,HORNE,20,"524 WHITE OLD AVENUE"
333,VICKIE,K,BOWMAN,46,"98 COWLEY DRIVE"
334,REGINALD,N,DUKE,12,"48 GREEN SECOND BLVD."
335,DOMINICK,S,PALMER,6,"703 MILTON ST."
336,LORA,H,CANTU,95,"33 NOBEL ROAD"
337,CAREY,T,DUNLAP,7,"27 ROCKY OAK DRIVE"
338,SARAH,B,WOLF,6,"804 EAST OLD BLVD."
339,JEANETTE,F,HALEY,69,"73 MILTON AVENUE"
340,WENDY,W,DEAN,29,"66 FIRST ROAD"
341,DANIELLE,P,ESPINOZA,5,"206 NORTH MILTON DRIVE"
342,THOMAS,J,CRANE,12,"50 WHITE FABIEN WAY"
343,TOMMY,K,BENJAMIN,75,"17 WHITE CLARENDON ST."
344,ALAN,I,MOSLEY,75,"99 FABIEN AVENUE"
345,CARMEN,E,MCKAY,20,"50 SOUTH ROCKY OLD AVENUE"
346,JOE,E,GALVAN,92,"441 EAST OLD FREEWAY"
347,SHERRIE,E,DAWSON,77,"94 COWLEY STREET"
348,JULIAN,Z,LEE,45,"837 GREEN HAGUE WAY"
349,GENA,H,WOLF,43,"68 NOBEL WAY"
350,ARLENE,B,HUMPHREY,4,"776 ROCKY NOBEL ST."
351,KATINA,O,MORROW,42,"273 NORTH GREEN COWLEY PARKWAY"
352,JODI,D,CONNER,28,"672 COWLEY BLVD."
353,MELISSA,L,MIRANDA,45,"218 ROCKY SECOND BOULEVARD"
354,DAVID,M,ANDERSEN,89,"68 EAST GREEN OLD BOULEVARD"
355,KRISTIE,D,FERRELL,30,"870 NORTH NEW STREET"
356,LEON,K,STOKES,74,"991 NEW DRIVE"
357,DARLENE,X,RUSH,70,"704 FABIEN BOULEVARD"
358,JEANNE,T,WALLS,94,"83 WHITE OAK PARKWAY"
359,ESMERALDA,NULL,RAYMOND,27,"57 FABIEN BOULEVARD"
360,SABRINA,W,FLYNN,72,"649 FABIEN ST."
361,LEVI,J,OSBORNE,81,"62 WEST GREEN MILTON BOULEVARD"
362,NICHOLAS,A,SHANNON,64,"41 WHITE HAGUE FREEWAY"
363,ANGELO,I,WERNER,89,"106 SECOND BOULEVARD"
364,MYRA,A,"MC DANIEL",33,"13 CLARENDON WAY"
365,MARCIE,B,MELTON,65,"767 OAK BLVD."
366,CLAIRE,L,LIVINGSTON,75,"92 ROCKY NEW DRIVE"
367,KRISTY,X,PACE,24,"99 NORTH OAK BOULEVARD"
368,KATHRYN,NULL,BRANDT,60,"747 WHITE FIRST FREEWAY"
369,KERRIE,Z,MEZA,73,"253 WHITE OAK ROAD"
370,CAROLINE,R,SHELTON,9,"68 EAST GREEN SECOND BLVD."
371,ANDREW,T,ZAVALA,15,"113 HAGUE ROAD"
372,TRINA,Y,DONALDSON,52,"37 SECOND BOULEVARD"
373,CODY,H,DUNN,72,"913 EAST FIRST BLVD."
374,RUTH,O,LINDSEY,72,"35 FABIEN DRIVE"
375,ADRIENNE,T,MOLINA,71,"375 SOUTH CLARENDON BOULEVARD"
376,ABRAHAM,Y,MICHAEL,70,"10 NORTH COWLEY PARKWAY"
377,AUDREY,K,DICKERSON,92,"358 CLARENDON DRIVE"
378,JOANNA,Z,BRADLEY,48,"39 EAST OLD BOULEVARD"
379,CHAD,T,SKINNER,22,"224 GREEN COWLEY ST."
380,LEE,N,BAUTISTA,85,"213 ROCKY NOBEL BLVD."
381,FRANCES,Q,ROY,45,"63 SOUTH GREEN FIRST STREET"
382,AMIE,B,CARPENTER,61,"21 NORTH COWLEY FREEWAY"
383,GERARD,Z,RICHARDS,16,"69 SOUTH NEW DRIVE"
384,TIFFANY,U,HENDERSON,44,"416 SOUTH CLARENDON DRIVE"
385,NOEL,Y,FARRELL,38,"322 NORTH GREEN CLARENDON BLVD."
386,KARI,X,CARSON,68,"67 NORTH WHITE OAK BOULEVARD"
387,DEMOND,P,HUBBARD,71,"16 HAGUE AVENUE"
388,RICHARD,H,FRAZIER,54,"242 WEST WHITE SECOND PARKWAY"
389,RUBY,S,FRITZ,79,"86 SECOND FREEWAY"
390,NAKIA,Y,BAXTER,28,"75 OAK ROAD"
391,MELINDA,J,HATFIELD,25,"27 EAST WHITE OAK WAY"
392,DARIN,I,THOMPSON,9,"625 GREEN MILTON BLVD."
393,FORREST,K,BOND,75,"886 NORTH NOBEL PARKWAY"
394,RALPH,A,CHANDLER,94,"834 GREEN MILTON FREEWAY"
395,EDITH,F,MAHONEY,44,"30 CLARENDON WAY"
396,OLGA,V,WARE,38,"902 ROCKY NEW WAY"
397,LESLEY,V,PROCTOR,19,"46 SECOND AVENUE"
398,KERRI,G,BRYAN,43,"342 NEW BOULEVARD"
399,KIMBERLEY,J,REED,10,"244 HAGUE FREEWAY"
400,RONALD,J,LONG,42,"41 COWLEY DRIVE"
401,DEMETRIUS,W,COOLEY,69,"703 WEST NOBEL AVENUE"
402,ERICKA,G,FRENCH,17,"22 ROCKY FABIEN AVENUE"
403,MARLA,F,TRAN,68,"131 SOUTH MILTON BLVD."
404,BRANDON,M,WALLACE,34,"529 MILTON BLVD."
405,FRANKIE,F,CONWAY,86,"86 WHITE COWLEY AVENUE"
406,ERICK,J,WIGGINS,86,"600 WEST WHITE FIRST WAY"
407,KATHY,T,ALVARADO,53,"950 WHITE SECOND AVENUE"
408,MARVIN,Z,TERRELL,70,"975 WEST GREEN OLD PARKWAY"
409,KENDALL,K,SHORT,18,"720 NORTH CLARENDON STREET"
410,MARC,N,SPENCER,56,"49 EAST GREEN CLARENDON DRIVE"
411,DANIEL,B,STANTON,78,"791 FIRST ROAD"
412,ERICA,E,BERG,23,"737 GREEN NOBEL ST."
413,JAMI,Q,LARSON,72,"62 MILTON ROAD"
414,MAGGIE,J,LUTZ,38,"13 FIRST DRIVE"
415,BRADFORD,D,RUBIO,27,"429 NOBEL BOULEVARD"
416,MOLLY,U,JENSEN,21,"407 CLARENDON BLVD."
417,MARLENE,K,GIBBS,48,"917 SECOND AVENUE"
418,JOANNA,G,SHAH,46,"88 NORTH FIRST FREEWAY"
419,VERNON,K,KNOX,91,"80 NORTH GREEN SECOND DRIVE"
420,AUSTIN,C,BUTLER,94,"747 FABIEN STREET"
421,SHELLY,L,SCHWARTZ,4,"473 OAK DRIVE"
422,CHARLES,E,SALINAS,67,"85 GREEN FIRST WAY"
423,ANITRA,F,HESTER,78,"90 ROCKY NEW PARKWAY"
424,ALEX,B,DUNN,46,"65 WEST ROCKY MILTON PARKWAY"
425,MATHEW,I,REEVES,80,"20 WEST SECOND DRIVE"
426,SEAN,L,HESTER,6,"74 OAK STREET"
427,ANDREW,O,STANLEY,74,"526 SOUTH ROCKY HAGUE FREEWAY"
428,JANE,H,PINEDA,75,"80 HAGUE BOULEVARD"
429,LISA,J,HUANG,28,"883 WEST FIRST WAY"
430,SAMUEL,X,RANGEL,34,"842 SECOND FREEWAY"
431,GRACE,C,MCCARTY,52,"740 GREEN FIRST STREET"
432,MICHELE,D,ROGERS,50,"63 WEST OAK ST."
433,CORNELIUS,Q,CASTILLO,38,"55 FIRST ST."
434,RENE,K,ROBLES,77,"262 WHITE FABIEN STREET"
435,PAIGE,Q,CRANE,17,"914 NORTH GREEN FIRST STREET"
436,VIVIAN,J,MASON,29,"682 NOBEL AVENUE"
437,KURT,W,HARRIS,90,"345 ROCKY MILTON DRIVE"
438,AUTUMN,N,SIMMONS,79,"157 GREEN SECOND AVENUE"
439,GARY,O,BLAIR,54,"944 WHITE OAK STREET"
440,DEMETRIUS,O,HUERTA,49,"147 ROCKY FIRST ST."
441,RAMON,D,MENDEZ,16,"57 WEST COWLEY ROAD"
442,TAMMI,Q,SALINAS,2,"51 CLARENDON DRIVE"
443,MELISA,W,PENNINGTON,36,"258 SOUTH WHITE FIRST FREEWAY"
444,NINA,F,HOUSE,23,"600 WHITE FABIEN STREET"
445,CHARITY,W,GENTRY,47,"38 NORTH WHITE HAGUE WAY"
446,MARCUS,F,FLEMING,3,"350 ROCKY NOBEL BLVD."
447,DANIEL,R,PECK,33,"742 ROCKY COWLEY WAY"
448,AMANDA,A,GATES,37,"37 WEST NOBEL DRIVE"
449,ELIJAH,W,SHEPHERD,67,"119 COWLEY FREEWAY"
450,TAMMI,K,CLAYTON,24,"691 FABIEN DRIVE"
451,NORA,L,SPENCER,86,"343 ROCKY MILTON AVENUE"
452,MELANIE,P,SANDERS,70,"87 ROCKY OAK WAY"
453,YOLANDA,W,"MC MAHON",49,"22 SECOND AVENUE"
454,DENA,G,MOONEY,13,"738 ROCKY HAGUE AVENUE"
455,JORDAN,X,ELLISON,38,"229 OLD FREEWAY"
456,ALBERT,S,LINDSEY,3,"260 WEST NEW BLVD."
457,ALEJANDRO,B,GUERRA,36,"33 CLARENDON ROAD"
458,HOWARD,E,WILLIAMS,23,"33 HAGUE DRIVE"
459,JULIE,D,HULL,50,"754 SECOND ROAD"
460,JACKIE,U,MAYER,80,"736 CLARENDON AVENUE"
461,SERGIO,V,"MC CARTHY",13,"31 SOUTH OAK PARKWAY"
462,KELLEY,L,SALINAS,75,"94 COWLEY FREEWAY"
463,BRYON,Q,MONTGOMERY,42,"914 OLD FREEWAY"
464,GREG,M,GALVAN,81,"128 NOBEL ST."
465,ALFRED,L,LOWE,5,"27 COWLEY STREET"
466,IRMA,Y,FARLEY,29,"920 SOUTH GREEN NOBEL DRIVE"
467,KIM,O,BROCK,81,"583 WEST WHITE FABIEN DRIVE"
468,ALICIA,F,PRUITT,92,"14 WEST ROCKY NEW FREEWAY"
469,RAMIRO,T,MASON,22,"79 SOUTH ROCKY NOBEL ROAD"
470,ZACHARY,U,BERGER,95,"699 WHITE COWLEY PARKWAY"
471,PRESTON,Y,VARGAS,27,"76 NOBEL PARKWAY"
472,REBECCA,W,RAMSEY,66,"280 NORTH FIRST STREET"
473,OMAR,R,MEJIA,88,"475 GREEN SECOND DRIVE"
474,KARI,V,LEBLANC,43,"671 NORTH HAGUE DRIVE"
475,SHERRY,Y,BLEVINS,79,"907 WHITE OLD DRIVE"
476,BRETT,V,CLEMENTS,3,"61 WHITE SECOND BLVD."
477,MILTON,H,VALENZUELA,31,"90 WHITE OAK FREEWAY"
478,JOCELYN,Z,VASQUEZ,55,"948 MILTON BOULEVARD"
479,HUGH,E,INGRAM,95,"51 GREEN MILTON WAY"
480,DARCY,C,RAMIREZ,78,"719 FIRST AVENUE"
481,KARIN,T,MURRAY,70,"557 WEST GREEN HAGUE BLVD."
482,JERRY,N,"MAC DONALD",37,"140 FABIEN DRIVE"
483,ANN,K,BARRETT,8,"18 HAGUE BLVD."
484,SIMON,Y,SHAW,4,"39 NEW ST."
485,KERRI,M,BASS,44,"961 WHITE HAGUE WAY"
486,ROSE,M,CANTU,78,"771 NEW BOULEVARD"
487,TIMOTHY,H,MENDEZ,2,"224 HAGUE BLVD."
488,ROY,J,FOX,26,"72 SECOND DRIVE"
489,ROGER,N,BARTLETT,39,"52 COWLEY DRIVE"
490,ERIK,Y,MCKINNEY,14,"78 NORTH GREEN MILTON ST."
491,LEVI,H,JEFFERSON,89,"454 EAST NOBEL FREEWAY"
492,KENNY,S,LEE,68,"334 COWLEY PARKWAY"
493,SALLY,J,MANN,29,"320 OLD AVENUE"
494,OLIVER,U,ANTHONY,71,"225 WEST OLD AVENUE"
495,JEFF,T,VINCENT,36,"366 ROCKY CLARENDON DRIVE"
496,LEO,S,HARDIN,38,"77 GREEN HAGUE WAY"
497,YVETTE,Z,MENDEZ,56,"312 MILTON AVENUE"
498,RAMIRO,K,BRIGHT,51,"47 HAGUE PARKWAY"
499,ELIZABETH,U,BOWERS,19,"540 EAST HAGUE BLVD."
500,OWEN,Y,RASMUSSEN,19,"996 GREEN NOBEL AVENUE"
