ProductID,ProductName,Price,CategoryID,Class,ModifyDate,Resistant,IsAllergic,VitalityDays
1,"FLOUR - WHOLE WHEAT",74.30,3,MEDIUM,2018-02-16,DURABLE,UNKNOWN,0
2,"COOKIE CHOCOLATE CHIP WITH",91.23,3,MEDIUM,2017-02-12,UNKNOWN,UNKNOWN,0
3,"ONIONS - CIPPOLINI",9.14,9,MEDIUM,2018-03-15,WEAK,FALSE,111
4,"SAUCE - GRAVY, AU JUS, MIX",54.31,9,MEDIUM,2017-07-16,DURABLE,UNKNOWN,0
5,"ARTICHOKES - JERUSALEM",65.48,2,LOW,2017-08-16,DURABLE,TRUE,27
6,"WINE - MAGNOTTA - CAB SAUV",79.72,8,HIGH,2017-05-25,UNKNOWN,UNKNOWN,0
7,"TABLE CLOTH - 53X69 COLOUR",31.84,9,MEDIUM,2017-02-24,DURABLE,FALSE,0
8,"HALIBUT - STEAKS",89.86,5,MEDIUM,2018-03-24,UNKNOWN,TRUE,108
9,"RABBIT - WHOLE",84.42,11,MEDIUM,2017-06-17,DURABLE,UNKNOWN,0
10,"SCAMPI TAIL",95.10,4,LOW,2017-07-30,WEAK,TRUE,105
11,"GARBAGE BAGS - CLEAR",6.29,9,LOW,2017-01-05,DURABLE,TRUE,67
12,"EZY CHANGE MOPHANDLE",49.34,4,MEDIUM,2017-11-01,DURABLE,TRUE,0
13,"WATER, TAP",28.22,11,LOW,2017-01-16,DURABLE,FALSE,69
14,"BEEF - TOP SIRLOIN",3.33,7,MEDIUM,2017-02-26,DURABLE,TRUE,0
15,"SPOON - SOUP, PLASTIC",32.44,1,LOW,2017-03-03,WEAK,TRUE,0
16,"KELLOGS SPECIAL K CEREAL",54.72,2,LOW,2017-01-23,DURABLE,TRUE,0
17,"WINE - WHITE, MOSEL GOLD",43.92,10,MEDIUM,2017-03-01,UNKNOWN,UNKNOWN,0
18,"LAMB - WHOLE, FRESH",23.40,10,MEDIUM,2017-12-19,UNKNOWN,FALSE,0
19,"TEA - EARL GREY",22.56,3,MEDIUM,2017-06-14,WEAK,TRUE,94
20,"CHOCOLATE - FEATHERS",85.90,3,LOW,2017-07-21,DURABLE,TRUE,0
21,KIWI,46.73,7,HIGH,2018-05-09,DURABLE,UNKNOWN,0
22,"RICE - JASMINE SENTED",27.90,6,MEDIUM,2017-05-09,WEAK,UNKNOWN,48
23,"CRAB - IMITATION FLAKES",79.02,11,MEDIUM,2017-08-19,DURABLE,TRUE,0
24,"BEER - ALEXANDER KIETHS, PALE ALE",89.04,3,MEDIUM,2017-05-23,DURABLE,TRUE,65
25,"SOUPCONTFOAM16OZ 116CON",80.77,10,HIGH,2017-04-09,DURABLE,TRUE,0
26,"SQUID U5 - THAILAND",33.78,11,MEDIUM,2018-03-26,WEAK,FALSE,10
27,"CHOCOLATE - COMPOUND COATING",17.17,1,MEDIUM,2017-10-29,UNKNOWN,UNKNOWN,86
28,"SOBE - TROPICAL ENERGY",12.32,9,HIGH,2017-10-25,DURABLE,TRUE,0
29,"SPINACH - BABY",33.59,7,LOW,2017-08-06,DURABLE,TRUE,50
30,"CHEESE - BRIE, TRIPLE CREME",67.90,6,LOW,2018-03-21,WEAK,UNKNOWN,72
31,"YEAST DRY - FERMIPAN",73.99,2,MEDIUM,2017-04-17,DURABLE,FALSE,0
32,"LETTUCE - TREVISO",96.41,3,HIGH,2017-01-09,DURABLE,TRUE,0
33,"BEANS - WAX",45.56,10,MEDIUM,2017-02-01,WEAK,TRUE,0
34,"MUSTARD PREPARED",43.35,6,MEDIUM,2017-09-21,WEAK,UNKNOWN,7
35,"WATER - MINERAL, NATURAL",15.72,6,LOW,2017-10-01,DURABLE,TRUE,97
36,"TABLE CLOTH 54X72 WHITE",69.26,9,LOW,2018-03-04,DURABLE,TRUE,0
37,"NUT - PISTACHIO, SHELLED",80.32,7,LOW,2017-02-27,UNKNOWN,FALSE,0
38,"SAGE - GROUND",81.66,6,HIGH,2017-09-26,WEAK,FALSE,0
39,"DRIED FIGS",75.21,11,MEDIUM,2017-08-04,WEAK,FALSE,120
40,"COCKTAIL NAPKIN BLUE",8.94,8,LOW,2017-06-28,UNKNOWN,UNKNOWN,0
41,"CUP - 6OZ, FOAM",81.72,7,MEDIUM,2018-03-15,UNKNOWN,TRUE,0
42,"BREAD - RAISIN WALNUT OVAL",81.05,1,HIGH,2018-04-01,WEAK,FALSE,0
43,"SPONGE CAKE MIX - CHOCOLATE",16.40,9,HIGH,2017-08-12,WEAK,TRUE,96
44,"WINE - WHITE, COLUBIA CRESH",48.60,7,HIGH,2018-04-09,DURABLE,TRUE,0
45,"BEEF - GROUND MEDIUM",79.53,4,MEDIUM,2018-03-23,WEAK,TRUE,0
46,LAMBCASING,86.79,9,HIGH,2017-07-12,DURABLE,FALSE,0
47,"THYME - LEMON, FRESH",47.13,9,HIGH,2018-02-16,WEAK,FALSE,0
48,"PECAN RAISIN - TARTS",60.36,7,LOW,2017-11-26,UNKNOWN,UNKNOWN,114
49,"BACARDI BREEZER - TROPICAL",61.43,8,HIGH,2017-01-03,DURABLE,FALSE,0
50,"PORK - KIDNEY",43.29,7,HIGH,2018-04-21,WEAK,TRUE,0
51,"WINE - CROZES HERMITAGE E.",81.01,11,MEDIUM,2017-05-16,UNKNOWN,UNKNOWN,0
52,"TURNIP - WHITE, ORGANIC",55.61,1,LOW,2017-06-27,DURABLE,FALSE,0
53,CASSIS,92.63,8,MEDIUM,2018-02-16,WEAK,TRUE,0
54,"LINERS - BANANA, PAPER",53.56,9,MEDIUM,2017-06-23,WEAK,TRUE,0
55,"CINNAMON BUNS STICKY",6.62,3,HIGH,2018-03-05,UNKNOWN,FALSE,85
56,"CHIPS POTATO SALT VINEGAR 43G",46.40,9,LOW,2017-10-10,WEAK,FALSE,0
57,"SAUSAGE - BREAKFAST",12.21,3,LOW,2017-11-03,UNKNOWN,TRUE,103
58,"DC HIKIAGE HIRA HUBA",20.10,7,LOW,2017-10-24,DURABLE,UNKNOWN,91
59,"PASTRY - BUTTERSCOTCH BAKED",73.54,10,HIGH,2017-04-08,UNKNOWN,FALSE,0
60,"PEPPER - PAPRIKA, HUNGARIAN",31.69,2,MEDIUM,2017-09-29,WEAK,UNKNOWN,0
61,SARDINES,62.55,8,LOW,2017-12-03,DURABLE,FALSE,90
62,"PEARS - BOSC",19.52,1,MEDIUM,2017-09-09,UNKNOWN,UNKNOWN,13
63,"CAKE - MINI CHEESECAKE",56.27,9,LOW,2017-08-18,WEAK,UNKNOWN,0
64,"VINEGAR - SHERRY",16.52,6,LOW,2017-08-05,UNKNOWN,TRUE,94
65,"BRANDY - BAR",21.11,3,HIGH,2017-04-14,WEAK,FALSE,0
66,"PIE FILLING - CHERRY",9.88,7,MEDIUM,2018-05-06,WEAK,FALSE,0
67,"WINE - SOGRAPE MATEUS ROSE",3.78,5,LOW,2017-09-30,UNKNOWN,TRUE,108
68,"BEETS - CANDY CANE, ORGANIC",84.88,6,HIGH,2017-09-04,DURABLE,FALSE,72
69,"RASPBERRIES - FRESH",87.61,1,LOW,2017-10-04,UNKNOWN,TRUE,0
70,"SQUID - TUBES / TENTICLES 10/20",63.18,4,LOW,2017-05-08,WEAK,TRUE,45
71,"CHEESE - WINE",74.41,6,LOW,2018-04-04,DURABLE,UNKNOWN,0
72,"BAR - GRANOLA TRAIL MIX FRUIT NUT",62.26,4,HIGH,2017-10-13,DURABLE,FALSE,0
73,"APPETIZER - SAUSAGE ROLLS",48.19,11,LOW,2017-05-17,WEAK,TRUE,0
74,"CARBONATED WATER - CHERRY",13.62,7,MEDIUM,2018-04-26,DURABLE,FALSE,26
75,"CHEF HAT 20CM",4.18,8,HIGH,2017-09-14,DURABLE,UNKNOWN,116
76,"WINE - FUME BLANC FETZER",65.68,6,LOW,2017-02-08,DURABLE,FALSE,95
77,"POTATOES - IDAHO 100 COUNT",11.50,9,MEDIUM,2018-02-04,DURABLE,FALSE,0
78,"WINE - MAGNOTTA - BELPAESE",30.42,4,MEDIUM,2017-09-18,WEAK,UNKNOWN,0
79,"PASTA - PENNE, RIGATE, DRY",9.50,11,HIGH,2017-07-09,WEAK,FALSE,104
80,"WASABI POWDER",93.98,2,HIGH,2018-02-04,WEAK,TRUE,0
81,"COOKIES - ASSORTED",86.65,2,MEDIUM,2017-02-08,UNKNOWN,UNKNOWN,0
82,"JOLT COLA - ELECTRIC BLUE",56.81,5,LOW,2018-04-12,UNKNOWN,UNKNOWN,63
83,"LAMB - GROUND",50.88,1,HIGH,2017-10-22,DURABLE,UNKNOWN,116
84,"PEAS - FROZEN",90.30,1,MEDIUM,2017-08-25,DURABLE,FALSE,0
85,"CHEESE - PARMESAN CUBES",86.89,7,HIGH,2017-11-06,DURABLE,UNKNOWN,0
86,"LONGOS - GRILLED CHICKEN WITH",18.38,2,LOW,2018-02-28,WEAK,FALSE,0
87,"WINE - PINOT NOIR LATOUR",3.78,7,LOW,2017-04-02,UNKNOWN,FALSE,0
88,"REMY RED",92.00,2,LOW,2017-12-19,DURABLE,UNKNOWN,0
89,"BEEF - GROUND, EXTRA LEAN, FRESH",36.73,3,MEDIUM,2017-11-26,WEAK,TRUE,0
90,"FLAVOURING - ORANGE",69.32,9,HIGH,2018-04-30,UNKNOWN,TRUE,37
91,"GENERAL PURPOSE TRIGGER",57.04,6,HIGH,2017-05-02,DURABLE,TRUE,97
92,"WINE - RED, COLIO CABERNET",60.22,1,LOW,2017-09-13,WEAK,UNKNOWN,0
93,"BANDAGE - FEXIBLE 1X3",8.12,8,LOW,2017-06-20,DURABLE,FALSE,11
94,"V8 - BERRY BLEND",43.51,9,HIGH,2018-03-15,WEAK,UNKNOWN,108
95,"BEANS - KIDNEY WHITE",46.39,1,HIGH,2017-12-02,UNKNOWN,UNKNOWN,0
96,"CHEESE - BOCCONCINI",62.20,7,HIGH,2017-07-07,UNKNOWN,FALSE,0
97,"VEAL - INSIDE",24.78,4,MEDIUM,2017-08-14,WEAK,TRUE,0
98,"SHRIMP - 31/40",99.88,3,HIGH,2017-01-07,WEAK,FALSE,0
99,"MUSTARD - SEED",27.49,5,LOW,2017-12-27,WEAK,TRUE,0
100,"PORK - LOIN, BONE - IN",69.65,9,LOW,2018-03-27,DURABLE,UNKNOWN,7
101,"SOUP - CAMPBELLS, LENTIL",83.01,4,MEDIUM,2018-02-19,DURABLE,UNKNOWN,99
102,"ROSEMARY - PRIMERBA, PASTE",62.26,4,HIGH,2017-06-14,UNKNOWN,FALSE,0
103,"CREAM OF TARTAR",72.75,7,LOW,2017-02-22,UNKNOWN,UNKNOWN,0
104,"TIA MARIA",98.25,5,HIGH,2018-01-04,UNKNOWN,FALSE,0
105,"ECOLAB - MIKROKLENE 4/4 L",68.88,1,MEDIUM,2017-01-17,DURABLE,TRUE,0
106,"PICKEREL - FILLETS",18.75,7,HIGH,2017-12-11,WEAK,FALSE,19
107,"BREAD - FRENCH BAQUETTE",7.42,1,HIGH,2017-02-10,WEAK,FALSE,0
108,"PASTA - ORECCHIETTE",79.00,1,HIGH,2018-03-01,WEAK,TRUE,0
109,"MUFFIN - ZERO TRANSFAT",49.38,1,MEDIUM,2018-02-15,DURABLE,FALSE,0
110,"BLACK CURRANTS",40.94,9,HIGH,2018-01-26,DURABLE,UNKNOWN,48
111,"SCALLOPS 60/80 IQF",34.91,11,MEDIUM,2018-01-13,DURABLE,UNKNOWN,0
112,"BROWNING CARAMEL GLACE",81.79,10,HIGH,2017-02-15,WEAK,UNKNOWN,0
113,"OCEAN SPRAY - KIWI STRAWBERRY",10.60,7,LOW,2017-04-17,UNKNOWN,FALSE,106
114,"VEAL - OSSO BUCCO",79.56,8,HIGH,2017-07-11,WEAK,TRUE,93
115,"OCEAN SPRAY - RUBY RED",45.05,11,LOW,2017-08-22,WEAK,FALSE,0
116,"STEAM PAN - HALF SIZE DEEP",5.74,3,LOW,2017-12-31,WEAK,TRUE,104
117,"KETCHUP - TOMATO",68.64,11,HIGH,2018-03-27,WEAK,UNKNOWN,0
118,"GARBAG BAGS - BLACK",65.97,9,HIGH,2018-05-02,WEAK,UNKNOWN,0
119,"SOUP CAMPBELLS - ITALIAN WEDDING",29.64,11,MEDIUM,2018-02-06,UNKNOWN,FALSE,0
120,"WATER - SPRING WATER 500ML",2.73,2,MEDIUM,2017-06-23,DURABLE,UNKNOWN,94
121,"MUFFIN BATT - BLUEBERRY PASSION",6.10,11,LOW,2018-02-03,DURABLE,UNKNOWN,0
122,"TABLE CLOTH 62X114 WHITE",11.78,4,HIGH,2018-02-19,WEAK,FALSE,0
123,"OIL - SHORTENING - ALL - PURPOSE",48.15,4,LOW,2018-02-15,UNKNOWN,UNKNOWN,0
124,"MACAROONS - TWO BITE CHOC",18.29,4,LOW,2017-10-13,UNKNOWN,TRUE,81
125,"NUT - CHESTNUTS, WHOLE",6.14,9,LOW,2017-01-07,WEAK,FALSE,0
126,"CRACKERS - TRIO",14.19,6,LOW,2017-07-23,UNKNOWN,UNKNOWN,76
127,"ISLAND OASIS - MANGO DAIQUIRI",54.14,8,MEDIUM,2017-04-25,UNKNOWN,FALSE,34
128,"COFFEE - IRISH CREAM",4.68,2,MEDIUM,2017-07-12,DURABLE,UNKNOWN,71
129,"CHICKEN - SOUP BASE",67.23,7,HIGH,2017-05-26,DURABLE,TRUE,0
130,"BEEF WELLINGTON",41.98,2,LOW,2017-03-11,UNKNOWN,FALSE,0
131,"ANCHOVY PASTE - 56 G TUBE",40.90,3,MEDIUM,2017-11-03,DURABLE,FALSE,0
132,"BEER - BLUE",11.62,6,HIGH,2018-01-28,WEAK,FALSE,24
133,"BEEF - TOP SIRLOIN - AAA",2.93,11,LOW,2018-01-30,WEAK,UNKNOWN,0
134,"WINE - TOASTED HEAD",39.85,2,HIGH,2017-08-21,WEAK,TRUE,0
135,"WIBERG SUPER CURE",10.96,10,LOW,2018-04-25,DURABLE,FALSE,61
136,"VOL AU VENTS",24.39,10,MEDIUM,2018-01-03,WEAK,TRUE,0
137,"WINE - WHITE, SCHRODER AND SCHYL",84.06,10,LOW,2018-02-19,DURABLE,FALSE,0
138,"RUM - COCONUT, MALIBU",52.64,7,LOW,2018-02-24,DURABLE,UNKNOWN,0
139,"CHICKEN - WIENERS",21.42,1,HIGH,2017-08-09,WEAK,FALSE,0
140,"OREGANO - DRY, RUBBED",68.13,11,HIGH,2018-04-04,DURABLE,UNKNOWN,16
141,"TEA - HERBAL SWEET DREAMS",10.96,1,LOW,2018-01-19,DURABLE,TRUE,37
142,"PORK - BACON, DOUBLE SMOKED",24.78,6,MEDIUM,2017-06-10,WEAK,TRUE,0
143,WATERCRESS,42.62,1,MEDIUM,2018-03-13,UNKNOWN,TRUE,0
144,"PLACEMAT - SCALLOP, WHITE",95.79,5,MEDIUM,2018-03-09,DURABLE,FALSE,0
145,"WINE - CHARDONNAY SOUTH",34.41,9,LOW,2017-04-18,DURABLE,UNKNOWN,27
146,BANANAS,75.25,7,HIGH,2017-03-18,DURABLE,FALSE,0
147,"CHEESE - MOZZARELLA",49.62,5,HIGH,2017-05-29,UNKNOWN,FALSE,0
148,"BEER - SLEEMANS CREAM ALE",28.56,11,MEDIUM,2018-04-19,DURABLE,TRUE,91
149,"ZUCCHINI - YELLOW",98.46,10,HIGH,2017-07-25,WEAK,TRUE,0
150,"LANGERS - RUBY RED GRAPFRUIT",40.66,9,HIGH,2018-04-10,DURABLE,FALSE,0
151,"MUSHROOMS - BLACK, DRIED",93.56,7,HIGH,2017-08-19,WEAK,TRUE,0
152,"LENTILS - RED, DRY",58.81,7,MEDIUM,2017-08-22,UNKNOWN,UNKNOWN,26
153,"ARIZONA - GREEN TEA",70.24,4,LOW,2017-04-10,WEAK,FALSE,0
154,"ICE CREAM BAR - DRUMSTICK",24.76,4,MEDIUM,2017-07-06,WEAK,TRUE,0
155,"PEAS - PIGEON, DRY",63.55,9,HIGH,2017-02-21,WEAK,FALSE,0
156,"SPROUTS - ALFALFA",71.23,1,HIGH,2018-05-09,DURABLE,FALSE,0
157,"JUICE - CRANBERRY, 341 ML",14.11,11,MEDIUM,2017-09-06,UNKNOWN,FALSE,19
158,"APRICOTS FRESH",54.46,4,HIGH,2017-09-18,UNKNOWN,FALSE,18
159,"EGGPLANT - ASIAN",92.11,7,MEDIUM,2017-12-29,DURABLE,TRUE,0
160,"BEEF GROUND MEDIUM",54.69,7,MEDIUM,2017-11-03,WEAK,TRUE,0
161,"LONGOS - CHICKEN WINGS",64.61,10,LOW,2017-08-18,WEAK,UNKNOWN,0
162,"SAUCE - DEMI GLACE",2.74,11,MEDIUM,2017-12-08,WEAK,TRUE,117
163,"TOMATOES TEAR DROP",11.77,6,LOW,2017-10-07,UNKNOWN,TRUE,116
164,LOQUAT,7.40,11,MEDIUM,2017-12-07,UNKNOWN,FALSE,0
165,"BREAD CRUMBS - JAPANESE STYLE",0.04,6,LOW,2017-03-26,UNKNOWN,FALSE,0
166,"TRAY - 16IN RND BLK",23.28,5,HIGH,2018-04-25,DURABLE,FALSE,0
167,"KNIFE PLASTIC - WHITE",78.86,11,MEDIUM,2017-05-26,DURABLE,FALSE,0
168,"MILK - 2%",70.74,6,MEDIUM,2018-01-03,UNKNOWN,TRUE,29
169,"WATER - AQUAFINA VITAMIN",68.60,10,MEDIUM,2017-07-26,UNKNOWN,FALSE,0
170,"INITATION CRAB MEAT",20.66,1,MEDIUM,2017-12-26,DURABLE,FALSE,0
171,"GLOVES - GOLDTOUCH DISPOSABLE",21.68,5,HIGH,2018-03-21,DURABLE,FALSE,0
172,"SHERRY - DRY",16.00,5,HIGH,2017-01-31,DURABLE,UNKNOWN,72
173,"ROSEMARY - DRY",44.54,8,LOW,2017-09-24,DURABLE,FALSE,0
174,"GUINEA FOWL",61.50,11,HIGH,2018-03-13,DURABLE,TRUE,0
175,"OIL - SAFFLOWER",91.77,1,LOW,2017-10-12,WEAK,TRUE,52
176,"SMIRNOFF GREEN APPLE TWIST",81.32,6,HIGH,2017-08-27,DURABLE,TRUE,90
177,"COCONUT - SHREDDED, SWEET",69.17,3,MEDIUM,2018-04-18,WEAK,TRUE,0
178,PERNOD,52.36,10,HIGH,2018-04-17,WEAK,TRUE,0
179,"YOGHURT TUBES",83.88,6,LOW,2017-06-28,DURABLE,UNKNOWN,26
180,"CHOCOLATE - DARK",30.89,3,LOW,2018-03-01,DURABLE,TRUE,27
181,"PHYLLO DOUGH",64.57,1,MEDIUM,2017-02-24,UNKNOWN,FALSE,0
182,CAMPARI,25.59,9,LOW,2017-05-16,WEAK,FALSE,54
183,"SPICE - PEPPERCORN MELANGE",6.22,4,HIGH,2018-04-27,WEAK,FALSE,0
184,"HERSEY SHAKES",26.58,9,LOW,2017-06-24,WEAK,TRUE,0
185,"FOAM DINNER PLATE",48.42,6,LOW,2017-11-30,WEAK,UNKNOWN,40
186,"MUFFIN MIX - BLUEBERRY",82.08,8,LOW,2017-03-15,WEAK,FALSE,0
187,"PEPPER - BLACK, WHOLE",41.38,3,MEDIUM,2017-10-20,DURABLE,FALSE,31
188,"CUP - TRANSLUCENT 7 OZ CLEAR",78.18,8,HIGH,2017-07-27,DURABLE,FALSE,91
189,"BREAD - ROLL, SOFT WHITE ROUND",76.30,5,HIGH,2017-07-01,UNKNOWN,FALSE,16
190,"CAKE - CAKE SHEET MACAROON",39.74,9,MEDIUM,2018-04-25,DURABLE,TRUE,93
191,"HICKORY SMOKE, LIQUID",10.28,10,HIGH,2017-04-30,WEAK,UNKNOWN,0
192,"WINE - MAGNOTTA, MERLOT SR VQA",29.59,7,MEDIUM,2017-06-03,DURABLE,UNKNOWN,0
193,"VEAL - INSIDE, CHOICE",60.53,11,MEDIUM,2017-02-26,UNKNOWN,FALSE,19
194,"LETTUCE - FRISEE",66.74,6,MEDIUM,2018-02-12,UNKNOWN,FALSE,0
195,"BEETS - MINI GOLDEN",3.52,2,MEDIUM,2017-08-18,DURABLE,UNKNOWN,70
196,"LONGOS - GRILLED SALMON WITH BBQ",8.23,1,HIGH,2017-02-11,UNKNOWN,UNKNOWN,0
197,"MUSSELS - CULTIVATED",13.01,1,MEDIUM,2018-01-11,UNKNOWN,TRUE,0
198,"LIME CORDIAL - ROSES",35.22,1,LOW,2017-04-06,DURABLE,FALSE,60
199,"PORK - HOCK AND FEET ATTACHED",95.74,10,MEDIUM,2017-12-15,WEAK,UNKNOWN,105
200,"GARLIC - PEELED",11.13,5,MEDIUM,2017-05-02,WEAK,FALSE,0
201,GRENADINE,96.39,8,MEDIUM,2018-03-01,WEAK,TRUE,117
202,"BAY LEAF",78.88,11,LOW,2017-10-02,WEAK,TRUE,0
203,"CHICKEN - LEG, BONELESS",59.96,1,HIGH,2017-09-25,WEAK,UNKNOWN,29
204,"SCALLOP - ST. JAQUES",77.81,9,MEDIUM,2017-12-06,DURABLE,TRUE,5
205,"TURKEY - WHOLE, FRESH",18.98,5,HIGH,2017-01-21,WEAK,FALSE,32
206,"COCOA BUTTER",77.56,3,LOW,2017-07-19,UNKNOWN,UNKNOWN,0
207,"COFFEE - HAZELNUT CREAM",14.27,10,MEDIUM,2018-04-06,UNKNOWN,TRUE,116
208,"MUSHROOM - TRUMPET, DRY",8.73,5,MEDIUM,2017-06-06,WEAK,FALSE,15
209,"SUGAR - FINE",32.99,3,LOW,2018-01-31,UNKNOWN,UNKNOWN,0
210,"CHEESE - BRIE,DANISH",82.24,3,HIGH,2017-11-03,UNKNOWN,UNKNOWN,0
211,"WINE - PROSECCO VALDOBIADDENE",2.06,9,LOW,2017-01-22,UNKNOWN,TRUE,76
212,"CURRY PASTE - MADRAS",61.75,2,HIGH,2017-09-28,WEAK,TRUE,97
213,"PATE - COGNAC",70.59,10,HIGH,2017-03-23,WEAK,TRUE,39
214,"FRENCH PASTRY - MINI CHOCOLATE",61.21,5,LOW,2018-03-09,DURABLE,UNKNOWN,0
215,"VEAL - BRISKET, PROVIMI,BNLS",90.12,7,HIGH,2017-09-10,WEAK,UNKNOWN,92
216,"SCALLOPS - 10/20",39.03,1,LOW,2017-04-04,UNKNOWN,UNKNOWN,0
217,"BREAD - MULTIGRAIN",96.52,8,MEDIUM,2017-12-21,DURABLE,TRUE,0
218,BARRAMUNDI,85.19,8,HIGH,2017-04-15,WEAK,TRUE,31
219,"ASSORTED DESSERTS",58.98,5,LOW,2017-01-08,DURABLE,FALSE,0
220,"MELDEA GREEN TEA LIQUOR",17.96,10,LOW,2017-01-12,WEAK,FALSE,0
221,"BREAD CRUMBS - PANKO",81.90,3,LOW,2017-07-06,UNKNOWN,FALSE,0
222,"SOLE - DOVER, WHOLE, FRESH",0.68,3,HIGH,2018-03-08,UNKNOWN,FALSE,0
223,"PAIL WITH METAL HANDLE 16L WHITE",94.44,1,MEDIUM,2017-07-06,UNKNOWN,UNKNOWN,0
224,"FLOUR - PASTRY",28.86,1,HIGH,2017-08-09,WEAK,FALSE,0
225,"WINE - CHARDDONNAY ERRAZURIZ",10.37,3,MEDIUM,2017-08-28,WEAK,UNKNOWN,0
226,"CHESTNUTS - WHOLE,CANNED",92.09,10,MEDIUM,2017-10-18,DURABLE,TRUE,0
227,"CHEESE - TALEGGIO D.O.P.",55.47,5,LOW,2018-04-14,WEAK,FALSE,0
228,"SAUCE - HOLLANDAISE",77.81,3,HIGH,2017-12-19,DURABLE,UNKNOWN,93
229,"BREAD - HOT DOG BUNS",57.98,9,MEDIUM,2017-07-27,WEAK,FALSE,66
230,"WINE - CAHORS AC 2000, CLOS",83.54,11,MEDIUM,2017-09-01,WEAK,FALSE,75
231,"CRUSH - CREAM SODA",68.31,5,MEDIUM,2017-12-24,UNKNOWN,TRUE,0
232,"QUICHE ASSORTED",33.95,3,MEDIUM,2018-01-12,WEAK,FALSE,0
233,"DUCK - BREAST",56.62,11,LOW,2017-05-04,DURABLE,TRUE,0
234,"TOFU - FIRM",72.75,1,MEDIUM,2017-02-27,WEAK,UNKNOWN,0
235,"BREAD - ENGLISH MUFFIN",34.51,6,HIGH,2018-05-09,DURABLE,FALSE,0
236,"TOMATO - TRICOLOR CHERRY",85.69,1,LOW,2017-10-02,UNKNOWN,TRUE,113
237,"MAYONNAISE - INDIVIDUAL PKG",65.63,8,LOW,2017-12-29,WEAK,FALSE,94
238,GARLIC,28.41,6,MEDIUM,2017-05-22,DURABLE,FALSE,0
239,"SOUP - CAMPBELLS, CREAM OF",7.60,5,MEDIUM,2017-06-03,WEAK,TRUE,0
240,"WINE - CHABLIS 2003 CHAMPS",70.86,4,LOW,2017-05-14,WEAK,FALSE,0
241,"CHEESE - CHEDDARSLICED",67.82,9,MEDIUM,2017-04-17,UNKNOWN,UNKNOWN,0
242,"THERMOMETER DIGITAL",32.65,9,LOW,2017-05-17,WEAK,FALSE,11
243,"SUN - DRIED TOMATOES",45.19,6,MEDIUM,2017-11-02,WEAK,FALSE,104
244,"BEEF - RIB EYE AAA",94.07,2,LOW,2018-01-04,UNKNOWN,TRUE,0
245,"GROUPER - FRESH",37.68,1,MEDIUM,2018-04-04,WEAK,UNKNOWN,111
246,"ICE CREAM BAR - HAGEEN DAZ TO",48.54,9,LOW,2017-12-10,WEAK,FALSE,96
247,"JUICE - APPLE CIDER",59.00,9,HIGH,2017-03-14,WEAK,FALSE,58
248,"BEEF - INSIDE ROUND",99.32,7,LOW,2017-04-29,UNKNOWN,UNKNOWN,0
249,"COOKIE DOUGH - DOUBLE",76.62,10,MEDIUM,2017-06-05,WEAK,TRUE,0
250,"SOUP - CAMPBELLS, BEEF BARLEY",64.50,1,LOW,2017-05-17,DURABLE,FALSE,0
251,"ORANGES - NAVEL, 72",11.71,5,LOW,2017-07-01,WEAK,TRUE,7
252,"NANTUCKET - POMEGRANATE PEAR",27.82,4,MEDIUM,2017-09-28,WEAK,UNKNOWN,83
253,"WANTON WRAP",76.24,7,HIGH,2017-03-29,UNKNOWN,UNKNOWN,0
254,"SOUP - CANADIAN PEA, DRY MIX",77.78,1,LOW,2017-12-04,WEAK,TRUE,0
255,"KELLOGS ALL BRAN BARS",29.23,3,LOW,2018-03-05,WEAK,FALSE,0
256,"SOUP KNORR CHILI WITH BEANS",95.70,6,MEDIUM,2018-05-03,DURABLE,UNKNOWN,0
257,"PASTA - DETALINI, WHITE, FRESH",84.44,11,HIGH,2017-03-30,DURABLE,UNKNOWN,0
258,"TEA - ENGLISH BREAKFAST",31.09,1,LOW,2017-02-16,WEAK,UNKNOWN,0
259,"VEAL - EYE OF ROUND",67.44,7,HIGH,2017-04-10,UNKNOWN,TRUE,71
260,"YOGURT - BLUEBERRY, 175 GR",26.89,7,LOW,2017-08-13,DURABLE,FALSE,31
261,"CHINESE FOODS - CHICKEN",22.09,9,HIGH,2017-08-14,DURABLE,TRUE,0
262,"BAGEL - PLAIN",36.46,7,MEDIUM,2017-04-19,DURABLE,UNKNOWN,41
263,"SOUPFOAMCONT12OZ 112CON",50.75,7,LOW,2018-03-20,WEAK,FALSE,0
264,"JUICE - V8 SPLASH",49.45,3,HIGH,2017-06-02,DURABLE,TRUE,0
265,"MUSHROOM - PORCINI, DRY",13.93,10,MEDIUM,2018-03-20,WEAK,UNKNOWN,7
266,"CLAM NECTAR",68.11,7,HIGH,2017-05-19,WEAK,UNKNOWN,0
267,"GRAPES - RED",5.13,2,MEDIUM,2017-05-28,UNKNOWN,TRUE,0
268,"VANILLA BEANS",97.84,9,LOW,2017-01-25,DURABLE,FALSE,0
269,"WINE - BLUE NUN QUALITATSWEIN",26.71,11,MEDIUM,2018-03-10,DURABLE,TRUE,0
270,"CHEESE CLOTH NO 100",4.42,6,MEDIUM,2018-04-17,DURABLE,UNKNOWN,101
271,"BANANA - LEAVES",73.40,5,HIGH,2017-08-13,UNKNOWN,TRUE,0
272,"CHOCOLATE - SEMI SWEET, CALETS",68.11,2,LOW,2017-08-01,WEAK,TRUE,13
273,"BANDAGE - FLEXIBLE NEON",77.59,4,MEDIUM,2018-03-21,WEAK,UNKNOWN,0
274,PAPAYAS,88.12,2,LOW,2018-01-03,WEAK,FALSE,0
275,"CORN MEAL",50.15,1,MEDIUM,2018-02-03,DURABLE,TRUE,88
276,"SNAPPLE - ICED TEA PEACH",49.25,5,HIGH,2017-02-20,UNKNOWN,TRUE,0
277,"SEA BASS - WHOLE",55.50,9,MEDIUM,2017-05-06,DURABLE,UNKNOWN,118
278,"APRICOTS - HALVES",0.37,11,MEDIUM,2017-11-09,WEAK,FALSE,87
279,"BEEF - TEXAS STYLE BURGER",91.18,1,LOW,2017-09-14,DURABLE,TRUE,0
280,"ONION POWDER",61.84,5,MEDIUM,2018-01-26,DURABLE,FALSE,0
281,"BAR MIX - PINA COLADA, 355 ML",33.08,2,HIGH,2017-08-06,DURABLE,TRUE,0
282,"LEMONADE - NATURAL, 591 ML",56.15,10,LOW,2017-12-16,DURABLE,FALSE,88
283,"BREAD FIG AND ALMOND",1.19,4,LOW,2017-07-16,DURABLE,FALSE,0
284,"BEER - RICKARDS RED",93.49,9,LOW,2017-03-13,WEAK,FALSE,0
285,"CHEESE - MIX",71.83,7,LOW,2017-03-03,UNKNOWN,UNKNOWN,107
286,"BEEF - PRIME RIB AAA",40.49,2,LOW,2017-03-29,DURABLE,FALSE,29
287,"BREAD - ITALIAN ROLL WITH HERBS",57.71,7,MEDIUM,2017-10-16,DURABLE,TRUE,0
288,"ORANGE - CANNED, MANDARIN",78.84,11,LOW,2017-10-07,DURABLE,TRUE,0
289,"SWORD PICK ASST",43.52,10,LOW,2017-05-03,DURABLE,FALSE,0
290,"SAUCE - ROSEE",38.80,1,LOW,2017-01-06,UNKNOWN,TRUE,110
291,"CRAB - DUNGENESS, WHOLE",1.26,2,MEDIUM,2017-07-05,UNKNOWN,FALSE,0
292,"TURKEY - OVEN ROAST BREAST",34.54,8,LOW,2017-11-13,UNKNOWN,FALSE,0
293,"GARLIC - ELEPHANT",60.97,11,MEDIUM,2017-02-11,DURABLE,UNKNOWN,0
294,"WINE - ALSACE GEWURZTRAMINER",80.71,10,LOW,2018-02-28,WEAK,UNKNOWN,18
295,"ICE - CLEAR, 300 LB FOR CARVING",48.77,7,LOW,2018-02-07,UNKNOWN,TRUE,0
296,"WINE - VALPOLICELLA MASI",31.35,3,LOW,2018-05-07,WEAK,FALSE,90
297,"HINGE W UNDERCUT",81.90,3,LOW,2017-07-07,DURABLE,TRUE,120
298,"POP SHOPPE CREAM SODA",95.74,4,MEDIUM,2017-06-03,UNKNOWN,FALSE,0
299,"FUJI APPLES",80.14,4,MEDIUM,2018-02-24,UNKNOWN,FALSE,0
300,"BEANS - KIDNEY, CANNED",69.57,5,MEDIUM,2017-11-16,UNKNOWN,TRUE,0
301,"BEER - LABATT BLUE",43.41,8,MEDIUM,2017-07-16,WEAK,UNKNOWN,0
302,"DOILIES - 5, PAPER",61.16,11,MEDIUM,2017-02-18,DURABLE,UNKNOWN,0
303,"COD - BLACK WHOLE FILLET",72.61,7,HIGH,2017-06-28,UNKNOWN,FALSE,0
304,"BANANA TURNING",72.20,5,HIGH,2017-06-27,UNKNOWN,TRUE,0
305,"PASTRY - CHEESE BAKED SCONES",91.10,8,MEDIUM,2018-02-10,WEAK,TRUE,19
306,"PEPPER - WHITE, GROUND",43.60,4,LOW,2018-04-08,DURABLE,TRUE,117
307,"FOAM CUP 6 OZ",50.23,1,HIGH,2017-11-16,DURABLE,UNKNOWN,0
308,"TEA - DECAF LIPTON",88.12,6,HIGH,2017-08-02,DURABLE,UNKNOWN,0
309,"MUFFIN BATT - CHOC CHK",27.63,11,MEDIUM,2018-03-09,DURABLE,TRUE,76
310,"COFFEE - DARK ROAST",79.98,9,LOW,2018-01-14,WEAK,FALSE,0
311,"WONTON WRAPPERS",40.21,9,HIGH,2017-12-29,WEAK,UNKNOWN,56
312,"SALMON - SOCKEYE RAW",84.06,1,LOW,2017-09-27,WEAK,TRUE,54
313,"VEAL - SLAB BACON",39.91,11,HIGH,2017-10-12,UNKNOWN,UNKNOWN,116
314,"SALMON STEAK - COHOE 8 OZ",5.60,2,MEDIUM,2017-07-23,UNKNOWN,TRUE,82
315,"WINE - GATO NEGRO CABERNET",93.80,6,MEDIUM,2017-01-07,UNKNOWN,TRUE,0
316,"CHEESE - VICTOR ET BERTHOLD",65.94,11,HIGH,2018-01-05,WEAK,FALSE,94
317,"WATER - GREEN TEA REFRESHER",35.27,3,LOW,2018-02-10,WEAK,FALSE,0
318,"ECOLAB - SOLID FUSION",57.26,10,HIGH,2018-01-07,UNKNOWN,UNKNOWN,76
319,"TOWELS - PAPER / KRAFT",77.62,7,HIGH,2017-04-01,UNKNOWN,UNKNOWN,0
320,"YOGURT - FRENCH VANILLA",73.44,9,LOW,2017-12-22,UNKNOWN,UNKNOWN,0
321,"POTATOES - INSTANT, MASHED",10.40,1,MEDIUM,2017-12-10,DURABLE,UNKNOWN,0
322,"ONIONS - VIDALIA",26.28,2,MEDIUM,2017-12-28,UNKNOWN,UNKNOWN,0
323,"EXTRACT - LEMON",54.33,10,HIGH,2018-01-31,WEAK,FALSE,99
324,"APRICOTS - DRIED",87.90,10,LOW,2018-03-04,DURABLE,TRUE,42
325,"HALIBUT - FLETCHES",3.17,5,LOW,2017-10-13,UNKNOWN,TRUE,87
326,"APPETIZER - MUSHROOM TART",38.86,9,HIGH,2018-02-07,UNKNOWN,FALSE,0
327,"APPETIZER - MINI EGG ROLL, SHRIMP",7.14,2,MEDIUM,2017-06-20,UNKNOWN,FALSE,0
328,"TUNA - SALAD PREMIX",96.88,6,MEDIUM,2017-01-22,DURABLE,TRUE,35
329,"PORK - LOIN, CENTER CUT",39.35,6,HIGH,2018-04-05,WEAK,TRUE,0
330,"OLIVES - KALAMATA",18.79,10,MEDIUM,2018-02-05,UNKNOWN,FALSE,0
331,"COOKIES CEREAL NUT",67.35,3,HIGH,2017-12-23,DURABLE,UNKNOWN,80
332,"BOUQ ALL ITALIAN - PRIMERBA",59.76,5,LOW,2018-04-12,UNKNOWN,FALSE,0
333,"CHEESE - COTTAGE CHEESE",20.24,7,HIGH,2018-01-23,WEAK,FALSE,0
334,"ECOLAB - LIME - A - WAY 4/4 L",21.61,7,HIGH,2018-03-08,WEAK,TRUE,0
335,"OIL - SHORTENING,LIQUD, FRY",18.42,9,LOW,2017-07-14,WEAK,UNKNOWN,84
336,"BROOM - CORN",71.92,2,LOW,2017-06-19,DURABLE,TRUE,0
337,"BREAD - RYE",83.54,3,LOW,2017-06-21,DURABLE,TRUE,0
338,"CHEESE - CAMEMBERT",28.99,11,LOW,2017-01-19,DURABLE,UNKNOWN,0
339,"BEEF - STRIPLOIN AA",2.39,2,MEDIUM,2017-06-09,WEAK,UNKNOWN,0
340,"VEAL - SWEETBREAD",28.23,3,HIGH,2017-04-04,DURABLE,TRUE,0
341,"BREAD - ROLL, CANADIAN DINNER",90.26,1,LOW,2017-09-19,WEAK,TRUE,0
342,MANGOES,69.59,1,MEDIUM,2017-03-17,UNKNOWN,FALSE,51
343,"OTOMEGUSA DASHI KONBU",51.21,1,HIGH,2017-12-07,DURABLE,FALSE,0
344,"SAUSAGE - LIVER",63.54,2,LOW,2017-08-26,UNKNOWN,FALSE,114
345,"BREAD - CALABRESE BAGUETTE",98.60,4,MEDIUM,2017-05-18,DURABLE,FALSE,67
346,"CHEESE - PARMESAN GRATED",17.19,1,LOW,2018-02-15,UNKNOWN,TRUE,0
347,"PAIL FOR LID 1537",94.63,8,LOW,2017-02-01,UNKNOWN,TRUE,0
348,"PASTA - CHEESE / SPINACH BAULETTI",55.37,10,LOW,2017-11-29,DURABLE,TRUE,54
349,"PUREE - MOCHA",86.91,4,MEDIUM,2018-02-21,UNKNOWN,TRUE,0
350,ISOMALT,82.83,8,LOW,2017-02-02,UNKNOWN,TRUE,0
351,"HOT CHOCOLATE - INDIVIDUAL",96.08,1,HIGH,2017-03-28,DURABLE,UNKNOWN,0
352,"BEEF - TENDERLION, CENTER CUT",24.64,4,LOW,2017-11-06,UNKNOWN,FALSE,5
353,"MILK POWDER",18.12,8,MEDIUM,2017-03-04,WEAK,TRUE,80
354,"CRACKERS CHEEZ IT",6.70,7,MEDIUM,2017-03-05,UNKNOWN,FALSE,0
355,"OLIVES - STUFFED",59.17,5,LOW,2018-04-15,DURABLE,FALSE,12
356,"DC - FROZEN MOMJI",17.13,6,HIGH,2017-11-25,DURABLE,UNKNOWN,0
357,"TILAPIA - FILLETS",6.83,2,MEDIUM,2017-05-27,DURABLE,FALSE,0
358,"CHEESE - BOURSIN, GARLIC / HERBS",84.71,9,MEDIUM,2017-09-02,UNKNOWN,TRUE,0
359,"RICE - LONG GRAIN",69.03,11,HIGH,2018-01-21,DURABLE,TRUE,96
360,"WINE - HARDYS BANKSIDE SHIRAZ",52.24,10,MEDIUM,2017-01-04,DURABLE,TRUE,89
361,"COFFEE DECAF COLOMBIAN",36.45,2,MEDIUM,2017-10-20,WEAK,TRUE,71
362,"CUMIN - WHOLE",53.35,7,MEDIUM,2017-10-26,DURABLE,UNKNOWN,0
363,CORNFLAKES,48.77,11,HIGH,2017-09-06,UNKNOWN,TRUE,0
364,"CATTAIL HEARTS",8.84,1,HIGH,2017-02-01,UNKNOWN,UNKNOWN,0
365,"WINE - RED, HARROW ESTATES, CAB",12.63,7,MEDIUM,2017-01-23,WEAK,TRUE,95
366,"TAHINI PASTE",80.45,4,HIGH,2018-01-25,UNKNOWN,FALSE,0
367,"BREAD - ITALIAN CORN MEAL POLY",63.83,5,MEDIUM,2018-01-12,UNKNOWN,TRUE,65
368,"FLOUR - TEFF",18.30,4,LOW,2017-12-14,UNKNOWN,FALSE,0
369,RAMBUTAN,87.18,5,MEDIUM,2017-01-10,UNKNOWN,TRUE,10
370,"MUFFIN - CARROT INDIVIDUAL WRAP",21.88,4,LOW,2017-11-28,WEAK,TRUE,0
371,"CREME DE BANANE - MARIE",82.40,8,HIGH,2017-07-18,DURABLE,UNKNOWN,0
372,"WINE - TWO OCEANS CABERNET",6.28,3,LOW,2018-01-22,UNKNOWN,TRUE,0
373,"BEEF - MONTREAL SMOKED BRISKET",54.87,9,MEDIUM,2017-08-01,DURABLE,FALSE,0
374,JAGERMEISTER,49.38,5,LOW,2018-05-07,DURABLE,FALSE,0
375,"SNAPPLE LEMON TEA",83.18,8,HIGH,2017-04-05,UNKNOWN,TRUE,80
376,"PASTA - ANGEL HAIR",40.81,11,HIGH,2017-09-26,DURABLE,TRUE,51
377,"WINE - RED, COOKING",75.08,1,MEDIUM,2017-01-22,DURABLE,FALSE,7
378,"BREAD FOCCACIA WHOLE",90.79,9,HIGH,2017-06-08,DURABLE,FALSE,0
379,"SMOKED PAPRIKA",89.30,7,HIGH,2017-10-18,UNKNOWN,FALSE,81
380,"WINE - WHITE CAB SAUV.ON",85.97,4,HIGH,2018-01-05,UNKNOWN,TRUE,0
381,"VACCUM BAG 10X13",44.23,1,HIGH,2018-01-06,UNKNOWN,UNKNOWN,41
382,"SOUP - CAMPBELLS BEAN MEDLEY",51.78,4,MEDIUM,2017-11-28,WEAK,UNKNOWN,0
383,"CAKE - BOX WINDOW 10X10X2.5",9.97,2,HIGH,2017-04-10,WEAK,UNKNOWN,0
384,"FOND - NEUTRAL",56.52,10,HIGH,2018-03-03,UNKNOWN,TRUE,105
385,"PORK - BACK, SHORT CUT, BONELESS",22.71,10,HIGH,2017-11-11,DURABLE,FALSE,97
386,"SPROUTS - BABY PEA TENDRILS",42.71,10,MEDIUM,2017-02-16,WEAK,FALSE,0
387,"FONDANT - ICING",41.64,9,HIGH,2018-02-09,DURABLE,FALSE,100
388,"TABLE CLOTH 120 ROUND WHITE",13.54,1,MEDIUM,2017-11-21,DURABLE,TRUE,0
389,POMELLO,62.44,3,MEDIUM,2018-04-01,UNKNOWN,UNKNOWN,103
390,"SEEDLINGS - MIX, ORGANIC",1.30,3,LOW,2017-12-27,UNKNOWN,FALSE,0
391,"BREAD - BISTRO WHITE",65.09,1,MEDIUM,2017-01-24,UNKNOWN,TRUE,72
392,"PUREE - PASSION FRUIT",98.83,5,HIGH,2018-02-25,UNKNOWN,TRUE,33
393,"OLIVE - SPREAD TAPENADE",59.96,1,LOW,2017-05-08,UNKNOWN,UNKNOWN,0
394,"RUM - MOUNT GAY ECLIPES",50.15,3,HIGH,2017-06-06,DURABLE,TRUE,76
395,"JUICE - LIME",91.78,1,LOW,2017-10-22,WEAK,TRUE,0
396,"TEA - JASMIN GREEN",36.92,6,HIGH,2018-04-03,DURABLE,FALSE,0
397,"JUICE - HAPPY PLANET",20.82,1,MEDIUM,2017-11-17,WEAK,FALSE,70
398,"WINE - WYNDHAM ESTATE BIN 777",42.36,11,HIGH,2017-11-05,WEAK,TRUE,67
399,"BERRY BRULEE",50.91,6,MEDIUM,2017-08-04,UNKNOWN,TRUE,0
400,"CARBONATED WATER - BLACKCHERRY",18.15,1,HIGH,2017-08-30,DURABLE,TRUE,0
401,"TART SHELLS - SWEET, 4",53.36,8,HIGH,2017-02-03,UNKNOWN,UNKNOWN,51
402,"BUTTER - UNSALTED",76.33,5,HIGH,2017-06-27,DURABLE,UNKNOWN,6
403,"LINERS - BAKING CUPS",68.19,5,MEDIUM,2017-11-20,UNKNOWN,UNKNOWN,0
404,"PANTS CUSTOM DRY CLEAN",65.03,1,MEDIUM,2017-03-27,DURABLE,FALSE,0
405,"PASTRY - RAISIN MUFFIN - MINI",0.43,11,MEDIUM,2017-11-25,DURABLE,TRUE,0
406,"SHRIMP - BABY, WARM WATER",89.80,9,HIGH,2017-07-13,DURABLE,FALSE,0
407,"PEPSI - DIET, 355 ML",69.77,7,HIGH,2017-04-08,WEAK,FALSE,0
408,BLUEBERRIES,68.73,4,LOW,2017-03-06,UNKNOWN,FALSE,0
409,"SKIRT - 29 FOOT",23.52,11,MEDIUM,2018-04-08,DURABLE,UNKNOWN,0
410,"FENNGREEK SEED",18.36,6,LOW,2017-07-20,UNKNOWN,UNKNOWN,91
411,"DURIAN FRUIT",42.05,6,LOW,2017-11-03,UNKNOWN,TRUE,0
412,"LETTUCE - CALIFORNIA MIX",16.05,5,HIGH,2018-04-27,WEAK,TRUE,0
413,"ICE CREAM BAR - OREO CONE",95.41,3,HIGH,2018-03-25,DURABLE,FALSE,5
414,SAUERKRAUT,83.06,7,LOW,2017-01-17,DURABLE,UNKNOWN,87
415,"MUSSELS - FROZEN",8.01,10,HIGH,2017-05-07,DURABLE,FALSE,0
416,"BAKING POWDER",84.68,10,LOW,2018-03-31,WEAK,TRUE,0
417,"LAMB - PIECES, DICED",43.38,5,MEDIUM,2017-07-18,UNKNOWN,UNKNOWN,12
418,"TRUFFLE CUPS - BROWN",92.25,2,LOW,2017-11-12,UNKNOWN,TRUE,0
419,"PORK - BELLY FRESH",86.13,3,LOW,2017-07-31,WEAK,TRUE,8
420,"WHMIS - SPRAY BOTTLE TRIGGER",69.92,9,HIGH,2018-04-15,WEAK,TRUE,0
421,"SOUP V8 ROASTED RED PEPPER",38.81,6,HIGH,2018-04-25,DURABLE,FALSE,0
422,"GARLIC - PRIMERBA, PASTE",50.29,5,HIGH,2017-02-22,WEAK,UNKNOWN,60
423,"FISH - SCALLOPS, COLD SMOKED",55.85,2,MEDIUM,2018-01-21,UNKNOWN,UNKNOWN,35
424,"VINEGAR - TARRAGON",85.88,3,MEDIUM,2017-05-23,UNKNOWN,FALSE,0
425,"WINE - REDCHARD MERRITT",56.79,4,MEDIUM,2017-11-04,WEAK,UNKNOWN,0
426,"SCALLOPS - LIVE IN SHELL",83.58,3,LOW,2017-09-29,UNKNOWN,UNKNOWN,0
427,"WINE - VINELAND ESTATE SEMI - DRY",46.33,3,HIGH,2017-09-17,DURABLE,FALSE,0
428,"WINE - RUFFINO CHIANTI",4.72,7,MEDIUM,2017-02-25,UNKNOWN,TRUE,48
429,"BEEF - SHORT LOIN",57.60,4,HIGH,2017-07-17,WEAK,FALSE,0
430,"MILK - 1%",46.26,2,LOW,2017-05-12,DURABLE,FALSE,84
431,"MUFFIN CHOCOLATE INDIVIDUAL WRAP",20.00,10,MEDIUM,2018-03-18,WEAK,FALSE,89
432,"BEER - ORIGINAL ORGANIC LAGER",32.72,2,HIGH,2017-07-26,UNKNOWN,FALSE,44
433,"BEANS - KIDNEY, RED DRY",39.88,3,LOW,2018-03-14,DURABLE,FALSE,11
434,"COOKIE - DOUGH VARIETY",71.16,7,LOW,2017-02-18,WEAK,TRUE,0
435,"SALSIFY, ORGANIC",32.61,8,HIGH,2017-12-02,DURABLE,TRUE,0
436,"TABLE CLOTH 81X81 WHITE",67.91,7,HIGH,2017-07-13,UNKNOWN,FALSE,25
437,"CHIPS POTATO ALL DRESSED - 43G",83.59,10,HIGH,2017-01-09,DURABLE,UNKNOWN,0
438,"JUICE - ORANGE",44.94,2,LOW,2017-01-15,DURABLE,UNKNOWN,0
439,"BEEF - CHUCK, BONELESS",56.09,11,MEDIUM,2017-04-09,UNKNOWN,FALSE,108
440,"PORK - INSIDE",32.91,1,LOW,2017-05-01,UNKNOWN,UNKNOWN,0
441,BLACKBERRIES,72.94,3,MEDIUM,2018-03-19,WEAK,UNKNOWN,0
442,"WINE - EJ GALLO SIERRA VALLEY",72.90,6,MEDIUM,2017-12-06,UNKNOWN,UNKNOWN,106
443,"LETTUCE - SPRING MIX",90.02,2,LOW,2017-12-22,UNKNOWN,FALSE,79
444,"CHEESE - CAMBOZOLA",44.09,8,LOW,2017-09-13,DURABLE,UNKNOWN,56
445,"PASTRY - CHOCLATE BAKED",59.25,8,HIGH,2017-02-23,WEAK,UNKNOWN,76
446,"SUNFLOWER SEED RAW",49.05,7,HIGH,2017-02-06,UNKNOWN,UNKNOWN,18
447,"SALMON - ATLANTIC, SKIN ON",3.42,3,HIGH,2018-04-12,UNKNOWN,TRUE,0
448,"GATORADE - XFACTOR BERRY",76.90,5,LOW,2017-04-22,UNKNOWN,FALSE,0
449,"NANTUKET PEACH ORANGE",42.14,4,LOW,2017-01-31,UNKNOWN,FALSE,0
450,"WINE - VIDAL ICEWINE MAGNOTTA",7.11,3,LOW,2017-12-01,UNKNOWN,UNKNOWN,0
451,"SOUP - CAMPBELLS TOMATO RAVIOLI",93.54,1,LOW,2017-09-16,DURABLE,FALSE,0
452,"NAPKIN WHITE - STARCHED",28.57,11,LOW,2017-01-06,DURABLE,UNKNOWN,0
